title,link_text,link_url
Learn to code online - CodeWithHarry,Home,/
Learn to code online - CodeWithHarry,Courses,/videos/
Learn to code online - CodeWithHarry,Tutorial,/tutorials/
Learn to code online - CodeWithHarry,Blog,/blog/
Learn to code online - CodeWithHarry,Notes,/notes/
Learn to code online - CodeWithHarry,Contact,/contact/
Learn to code online - CodeWithHarry,My Gear,/my-gear/
Learn to code online - CodeWithHarry,Work With Us,/work/
Learn to code online - CodeWithHarry,HTML,/tutorial/html-home/
Learn to code online - CodeWithHarry,CSS,/tutorial/css-home/
Learn to code online - CodeWithHarry,JS,/tutorial/js/
Learn to code online - CodeWithHarry,C,/tutorial/c/
Learn to code online - CodeWithHarry,C++,/tutorial/cplusplus/
Learn to code online - CodeWithHarry,JAVA,/tutorial/java/
Learn to code online - CodeWithHarry,PYTHON,/tutorial/python/
Learn to code online - CodeWithHarry,PHP,/tutorial/php/
Learn to code online - CodeWithHarry,REACT JS,/tutorial/react-home/
Learn to code online - CodeWithHarry,Home,/
Learn to code online - CodeWithHarry,Courses,/videos/
Learn to code online - CodeWithHarry,HTML,/tutorial/html-home/
Learn to code online - CodeWithHarry,CSS,/tutorial/css-home/
Learn to code online - CodeWithHarry,JS,/tutorial/js/
Learn to code online - CodeWithHarry,C,/tutorial/c/
Learn to code online - CodeWithHarry,C++,/tutorial/cplusplus/
Learn to code online - CodeWithHarry,JAVA,/tutorial/java/
Learn to code online - CodeWithHarry,PYTHON,/tutorial/python/
Learn to code online - CodeWithHarry,PHP,/tutorial/php/
Learn to code online - CodeWithHarry,REACT JS,/tutorial/react-home/
Learn to code online - CodeWithHarry,Blog,/blog/
Learn to code online - CodeWithHarry,Notes,/notes/
Learn to code online - CodeWithHarry,Contact,/contact/
Learn to code online - CodeWithHarry,My Gear,/my-gear/
Learn to code online - CodeWithHarry,Work With Us,/work/
Learn to code online - CodeWithHarry,,https://www.facebook.com/codewithharry
Learn to code online - CodeWithHarry,,https://www.twitter.com/codewithharry
Learn to code online - CodeWithHarry,,https://www.instagram.com/codewithharry
Learn to code online - CodeWithHarry,,https://www.github.com/codewithharry
